{
  "packages": [
    {
      "base": "mousemux",
      "name": "uploader",
      "arch": "bin64",
      "make": "1.0.24",
      "type": "beta",
      "info": "x64 uploader binaries",
      "path": "bin\\bin64",
      "mask": "mousemux-uploader.exe",
      "flag": "truncate",
      "date": "30-10-2022",
      "time": "13:13:23",
      "file": "mousemux-uploader-bin64-beta-1.0.24",
      "size": 195729,
      "hash": 3915192346
    },
    {
      "base": "mousemux",
      "name": "uploader",
      "arch": "bin32",
      "make": "1.0.24",
      "type": "beta",
      "info": "x86 uploader binaries",
      "path": "bin\\bin32",
      "mask": "mousemux-uploader.exe",
      "flag": "truncate",
      "date": "30-10-2022",
      "time": "13:13:23",
      "file": "mousemux-uploader-bin32-beta-1.0.24",
      "size": 199997,
      "hash": 86188395
    },
    {
      "base": "mousemux",
      "name": "updater",
      "arch": "bin64",
      "make": "1.0.24",
      "type": "beta",
      "info": "x64 updater binaries",
      "path": "bin\\bin64",
      "mask": "mousemux-updater.exe",
      "flag": "truncate",
      "date": "30-10-2022",
      "time": "13:13:23",
      "file": "mousemux-updater-bin64-beta-1.0.24",
      "size": 233503,
      "hash": 84313405
    },
    {
      "base": "mousemux",
      "name": "updater",
      "arch": "bin32",
      "make": "1.0.24",
      "type": "beta",
      "info": "x86 updater binaries",
      "path": "bin\\bin32",
      "mask": "mousemux-updater.exe",
      "flag": "truncate",
      "date": "30-10-2022",
      "time": "13:13:23",
      "file": "mousemux-updater-bin32-beta-1.0.24",
      "size": 237959,
      "hash": 3384018145
    },
    {
      "base": "mousemux",
      "name": "service",
      "arch": "bin64",
      "make": "1.0.24",
      "type": "beta",
      "info": "x64 service binaries",
      "path": "bin\\bin64",
      "mask": "mousemux-service.exe",
      "flag": "truncate",
      "date": "30-10-2022",
      "time": "13:13:23",
      "file": "mousemux-service-bin64-beta-1.0.24",
      "size": 110870,
      "hash": 212265124
    },
    {
      "base": "mousemux",
      "name": "service",
      "arch": "bin32",
      "make": "1.0.24",
      "type": "beta",
      "info": "x86 service binaries",
      "path": "bin\\bin32",
      "mask": "mousemux-service.exe",
      "flag": "truncate",
      "date": "30-10-2022",
      "time": "13:13:23",
      "file": "mousemux-service-bin32-beta-1.0.24",
      "size": 111767,
      "hash": 1212608080
    },
    {
      "base": "mousemux",
      "name": "data",
      "arch": "any",
      "make": "1.0.24",
      "type": "beta",
      "info": "data for binaries",
      "path": "bin\\data",
      "mask": "*.*",
      "flag": "truncate,recurse",
      "date": "30-10-2022",
      "time": "13:13:22",
      "file": "mousemux-data-any-beta-1.0.24",
      "size": 9486356,
      "hash": 1235855848
    },
    {
      "base": "mousemux",
      "name": "base",
      "arch": "any",
      "make": "1.0.24",
      "type": "beta",
      "info": "base for all",
      "path": "bin\\base",
      "mask": "*.*",
      "flag": "truncate",
      "date": "30-10-2022",
      "time": "13:13:18",
      "file": "mousemux-base-any-beta-1.0.24",
      "size": 390,
      "hash": 178891574
    },
    {
      "base": "mousemux",
      "name": "app",
      "arch": "bin64",
      "make": "1.0.24",
      "type": "beta",
      "info": "x64 app binaries",
      "path": "bin\\bin64",
      "mask": "mousemux*.dll;dbghelp.dll;exchndl.dll;mgwhelp.dll;symsrv.dll;symsrv.yes;addr2line.exe;mousemux-main.exe;mousemux-monitor.exe;mousemux-daemon.exe;mousemux-loader.exe",
      "flag": "truncate",
      "date": "30-10-2022",
      "time": "13:13:18",
      "file": "mousemux-app-bin64-beta-1.0.24",
      "size": 2079415,
      "hash": 253094825
    },
    {
      "base": "mousemux",
      "name": "app",
      "arch": "bin32",
      "make": "1.0.24",
      "type": "beta",
      "info": "x86 app binaries",
      "path": "bin\\bin32",
      "mask": "mousemux*.dll;dbghelp.dll;exchndl.dll;mgwhelp.dll;symsrv.dll;symsrv.yes;addr2line.exe;mousemux-main.exe;mousemux-monitor.exe;mousemux-daemon.exe;mousemux-loader.exe",
      "flag": "truncate",
      "date": "30-10-2022",
      "time": "13:13:17",
      "file": "mousemux-app-bin32-beta-1.0.24",
      "size": 2099116,
      "hash": 3163485755
    }
  ]
}