{
  "packages": [
    {
      "base": "mousemux",
      "name": "app",
      "arch": "bin32",
      "make": "1.0.24",
      "type": "beta",
      "info": "x86 app binaries",
      "path": "bin\\bin32",
      "mask": "mousemux*.dll;dbghelp.dll;exchndl.dll;mgwhelp.dll;symsrv.dll;symsrv.yes;addr2line.exe;mousemux-main.exe;mousemux-monitor.exe;mousemux-daemon.exe;mousemux-loader.exe",
      "date": "30-10-2022",
      "time": "13:13:17",
      "file": "mousemux-app-bin32-beta-1.0.24",
      "last": true
    },
    {
      "base": "mousemux",
      "name": "app",
      "arch": "bin64",
      "make": "1.0.24",
      "type": "beta",
      "info": "x64 app binaries",
      "path": "bin\\bin64",
      "mask": "mousemux*.dll;dbghelp.dll;exchndl.dll;mgwhelp.dll;symsrv.dll;symsrv.yes;addr2line.exe;mousemux-main.exe;mousemux-monitor.exe;mousemux-daemon.exe;mousemux-loader.exe",
      "date": "30-10-2022",
      "time": "13:13:18",
      "file": "mousemux-app-bin64-beta-1.0.24",
      "last": true
    },
    {
      "base": "mousemux",
      "name": "base",
      "arch": "any",
      "make": "1.0.24",
      "type": "beta",
      "info": "base for all",
      "path": "bin\\base",
      "mask": "*.*",
      "date": "30-10-2022",
      "time": "13:13:18",
      "file": "mousemux-base-any-beta-1.0.24",
      "last": true
    },
    {
      "base": "mousemux",
      "name": "data",
      "arch": "any",
      "make": "1.0.24",
      "type": "beta",
      "info": "data for binaries",
      "path": "bin\\data",
      "mask": "*.*",
      "date": "30-10-2022",
      "time": "13:13:22",
      "file": "mousemux-data-any-beta-1.0.24",
      "last": true
    },
    {
      "base": "mousemux",
      "name": "service",
      "arch": "bin32",
      "make": "1.0.24",
      "type": "beta",
      "info": "x86 service binaries",
      "path": "bin\\bin32",
      "mask": "mousemux-service.exe",
      "date": "30-10-2022",
      "time": "13:13:23",
      "file": "mousemux-service-bin32-beta-1.0.24",
      "last": true
    },
    {
      "base": "mousemux",
      "name": "service",
      "arch": "bin64",
      "make": "1.0.24",
      "type": "beta",
      "info": "x64 service binaries",
      "path": "bin\\bin64",
      "mask": "mousemux-service.exe",
      "date": "30-10-2022",
      "time": "13:13:23",
      "file": "mousemux-service-bin64-beta-1.0.24",
      "last": true
    },
    {
      "base": "mousemux",
      "name": "updater",
      "arch": "bin32",
      "make": "1.0.24",
      "type": "beta",
      "info": "x86 updater binaries",
      "path": "bin\\bin32",
      "mask": "mousemux-updater.exe",
      "date": "30-10-2022",
      "time": "13:13:23",
      "file": "mousemux-updater-bin32-beta-1.0.24",
      "last": true
    },
    {
      "base": "mousemux",
      "name": "updater",
      "arch": "bin64",
      "make": "1.0.24",
      "type": "beta",
      "info": "x64 updater binaries",
      "path": "bin\\bin64",
      "mask": "mousemux-updater.exe",
      "date": "30-10-2022",
      "time": "13:13:23",
      "file": "mousemux-updater-bin64-beta-1.0.24",
      "last": true
    },
    {
      "base": "mousemux",
      "name": "uploader",
      "arch": "bin32",
      "make": "1.0.24",
      "type": "beta",
      "info": "x86 uploader binaries",
      "path": "bin\\bin32",
      "mask": "mousemux-uploader.exe",
      "date": "30-10-2022",
      "time": "13:13:23",
      "file": "mousemux-uploader-bin32-beta-1.0.24",
      "last": true
    },
    {
      "base": "mousemux",
      "name": "uploader",
      "arch": "bin64",
      "make": "1.0.24",
      "type": "beta",
      "info": "x64 uploader binaries",
      "path": "bin\\bin64",
      "mask": "mousemux-uploader.exe",
      "date": "30-10-2022",
      "time": "13:13:23",
      "file": "mousemux-uploader-bin64-beta-1.0.24",
      "last": true
    }
  ]
}